{
    "german": 
    {
        "language_name": "german",
        "apply" : "Anwenden",
        "record" : "Erfassung",
        "booking" : "Buchen",
        "recorded_times" : "Erfasste Zeiten",
        "time_accounts" : "Zeitkonten",
        "settings" : "Einstellungen",
        "new_main_account" : "Neues Hauptkonto",
        "add" : "Hinzufügen",
        "break" : "Pause",
        "close_recording" : "Erfassung beenden",
        "recording_closed" : "Erfassung beendet",
        "name" : "Name",
        "total_time" : "Gesamtzeit",
        "single_times" : "Einzelzeiten",
        "correction" : "Korrektur",
        "current" : "Aktuell",
        "working_time" : "Erfasste Zeit",
        "rate" : "Quote",
        "break_time" : "Pausenzeit",
        "book_sums" : "Summen buchen",
        "book_by_date" : "Nach Datum buchen",
        "hours" : "Stunden",
        "booked" : "Gebucht",
        "monday" : "Montag",
        "tuesday" : "Dienstag",
        "wednesday" : "Mittwoch",
        "thursday" : "Donnerstag",
        "friday" : "Freitag",
        "saturday" : "Samstag",
        "sunday" : "Sonntag",
        "status" : "Status",
        "open" : "Offen",
        "closed" : "Geschlossen",
        "all" : "Alle",
        "search" : "Suchen",
        "action" : "Aktion",
        "project" : "Projekt",
        "order" : "Auftrag",
        "process" : "Vorgang",
        "set_up" : "Einrichten",
        "about_EasyTARC" : "Über EasyTARC",
        "appearance" : "Erscheinung",
        "language" : "Sprache",
        "working_window" : "Arbeitsfenster",
        "standard" : "Standard",
        "position" : "Position",
        "reset_time" : "Zeit zurücksetzen",
        "font" : "Schrift",
        "size" : "Größe",
        "database" : "Datenbank",
        "info" : "Info",
        "recording_start" : "Start der Erfassung",
        "description" : "Beschreibung",
        "group" : "Gruppe",
        "auto_booking" : "Auto-Buchung",
        "response_code" : "Rückmelde-ID",
        "response_text": "Rückmeldetext",
        "fillable" : "Ausfüllbar",
        "mandatory_field" : "Pflichtfeld",
        "new_time_account" : "Neues Zeitkonto",
        "edit" : "Bearbeiten",
        "edit_main_account" : "Hauptkonto bearbeiten",
        "edit_time_account" : "Zeitkonto bearbeiten",
        "info_about_the_time_account" : "Info zum Zeitkonto",
        "remove" : "Entfernen",
        "new_order" : "Neuer Auftrag",
        "new_process" : "Neuer Vorgang",
        "new_sub_account" : "Neues Unterkonto",
        "show_all_sub_accounts" : "Alle Unterkonten einblenden",
        "hide" : "Ausblenden",
        "start" : "Start",
        "o_clock" : "Uhr",
        "to" : "bis",
        "duration" : "Dauer",
        "warning" : "Warnung",
        "back" : "Zurück",
        "yes" : "Ja",
        "no" : "Nein",
        "style" : "Style",
        "export" : "Export",
        "version" : "Version",
        "about_EasyTARC_text_1" : "EasyTARC\n(Easy time accounts recording control)\nLicensed under the Apache License, Version 2.0\nCopyright 2023 Sebastian Feiert",
        "about_EasyTARC_text_2" : "Entwickler: Sebastian Feiert\nGithub: https://github.com/SebastianFird/EasyTARC",
        "about_EasyTARC_text_3" : "Zu mir:\nEasyTARC ist mein erstes Opensource-Projekt. Ziel ist es mit Hilfe dieses Projekts meine Kenntnisse in Python und in dem Framework Tkinter zu verbessern, sowie mich mit der Entwicklung von Desktop-Anwendungen vertraut zu machen.",
        "about_EasyTARC_text_4" : "Ich hoffe dir gefällt das Programm, wenn du Anregungen hast, melde dich gerne bei mir.",
        "error" : "Fehler",
        "edit_sub_account" : "Unterkonto bearbeiten",
        "main_account" : "Hauptkonto",
        "create_account_name_text_A" : "Der Name muss einmalig sein. Hier eignet sich eine Kombination\naus Projekt + Auftrag + Vorgang. (Beispiel: BM000001-01 Planung)",
        "create_account_name_text_B" : "Der Name eines Unterkontos muss nicht einmalig sein. (Beispiel: M001)",
        "create_account_description_text" : "Die Beschreibung ist für weitereführende Informationen zu diesem Zeitkonto.",
        "create_account_group_text" : "Mithilfe der Gruppe werden die Projekte im Tab Erfassung gruppiert dargestellt.\nGebe für eine neue Gruppe einfach den Namen ein.",
        "create_account_project_label_text" : "Hier kann das dem Zeitkonto zugehörige Projekt eigegeben werden.",
        "create_account_order_label_text": "Ein Projekt kann mehrere Aufträge beinhalten.\nHier kann der dem Zeitkonto zugehörige Auftrag eigegeben werden.",
        "create_account_process_label_text" : "Ein Auftrag kann mehrere Vorgänge beinhalten.\nHier kann der dem Zeitkonto zugehörige Vorgang eigegeben werden.",
        "create_account_auto_booking_text" : "Wenn dieses Kästchen aktiviert ist, werden die erfassten Stunden auf diesem\nZeitkonto automatisch als gebucht erfasst. (Beispiel: Der Vorgesetzte bucht\nfür alle Gruppenmitglieder die Stunden für Gruppenabsprachen)",
        "complete_editing" : "Bearbeitung abschließen",
        "reset_all_windows": "Alle Fensterpositionen zurücksetzen",
        "identification" : "Kennung",
        "data_are_stored_temporarily" : "Die erfassten Zeiten werden alle drei Minuten zwischengespeichert.",
        "without_allocation" : "Ohne Zuordnung",
        "booking_reminder" : " Hinweis: Erinnerung zum Verbuchen. Das Monatsende ist in Sicht.",
        "locked" : "Gesperrt",
        "end": "Ende",
        "week" : "KW",
        "tips_and_tricks" : "Tipps und Tricks",
        "tips_and_tricks_1" : "Tipps und Tricks:",
        "tips_and_tricks_2" : "Fensterpositionen:\nWenn du alle Fensterpositionen zurücksetzen möchtest, mache einen Rechtsklick auf die Titelleiste eines Fensters.",
        "tips_and_tricks_3" : "Unterkonten:\nWenn du die Zeit von einem Zeitkonto weiter differenzieren möchtest, erstelle einfach ein odere mehrere Unterkonten. Erstelle ein Unterkonto mit einem Rechtsklick auf ein Zeitkonto.",
        "tips_and_tricks_4" : "Über EasyTARC:\nWenn du mehr über EasyTARC erfahren möchtst, klicke auf das Icon oben Links.",
        "tips_and_tricks_5" : "Zeitkonten schließen:\nWenn du ein Projekt/Auftrag/Vorgang abgeschlossen hast, gehe auf den Tab 'Zeitkonten', suche das repräsentative Zeitkonto und schließe es. Ein geschlossenes Zeitkonto taucht im Tab 'Erfassung' nicht mehr auf.",
        "tips_and_tricks_6" : "Übersichtlichkeit:\nWenn du an sehr vielen Projekten parallel arbeitest und die ganzen Zeitkonten unübersichtlich werden, ist es sinnvoll diese zu Gruppieren und temporär auszublenden. Zum Ausblenden oder Einblenden einer Gruppe, klickst du einfach auf den Gruppennamen.",
        "tips_and_tricks_7" : "Session Infos:\nWenn du genauere Informationen zu der gerade laufenden Session erfahren möchtest, klicke auf das kleine 'i' in der unteren rechten Ecke.",
        "tips_and_tricks_8" : "Zeitkorrekturen:\nWenn du in einer Session mehere Korrekturen durchgeführt hast und nun diese nochmal nachvollziehen möchtest, kannst du die Zeitspalte von 'Gesamtzeit' auf 'Einzelzeiten' durch Klicken auf das Mond-Symbol ändern. Anschließend kannst du mit der Maus über der korrigierten Zeit hovern und es werden alle einzelnen Korrekturen angezeigt.",
        "the_recording_is_finished" : "Die Erfassung ist beendet",
        "backup_found" : "Backup gefunden",
        "restore_recording" : "Erfassung wiederherstellen",
        "save_and_start_new_recording" : "Abspeichern und neue Erfassung starten",
        "start_new_recording" : "Neue Erfassung starten",
        "backup_info_text" : "Die letzte Erfassung wurde zwischengespeichert\n oder nicht korrekt beendet",
        "error_message" : "Fehlermeldung",
        "backup_error_text" : "Fehlerhaftes Backup identifiziert. Backup wurde gelöscht.Bitte melden Sie dem Support diesen Fehler.",
        "min" : "min",
        "record_info_text_1" : "Die Uhr kann nur zurückgesetzt werden, wenn das Zeitkonto nicht aktiv ist.",
        "record_info_text_2" : "Nur ein Hauptkonto mit der Zeit 00:00:00 kann entfernt werden.",
        "record_info_text_3" : "Nur ein Unterkonto mit der Zeit 00:00:00 kann ausgeblendet werden.",
        "record_info_text_4" : "Dieses Hauptkonto hat keine Unterkonten.",
        "type" : "Art",
        "sub_account" : "Unterkonto",
        "exit_window_text" : "Die erfassten Zeiten wurden noch nicht gespeichert. Möchten Sie die bereits erfassten Zeiten zwischenspeichern?",
        "delete_time_account" : "Zeitkonto löschen",
        "delete_time_account_text" : "Möchtest du wirklich dieses Zeitkonto löschen? Alle auf dieses Zeitkonto erfasste Zeiten werden auch gelöscht.",
        "close_time_account" : "Zeitkonto schließen",
        "close_time_account_text_1" : "Möchtest du wirklich dieses Zeitkonto schließen? Wenn du in der heutigen Session bereits Zeiten auf diesem Konto erfasst hast, gehen diese beim schließen verloren.",
        "close_time_account_text_2" : "Möchtest du wirklich dieses Zeitkonto schließen?",
        "delete" : "Löschen",
        "edit_delete_info_text" : "Um ein Zeitkonto löschen zu können muss dieses Zeitkonto geschlossen sein.",
        "book" : "Buchen",
        "copied" : "kopiert",
        "output_times_in_excel" : "Zeitdaten-Bericht erstellen",
        "not_booked" : "Nicht gebucht",
        "open_time_accounts" : "Offene Zeitkonten",
        "closed_time_accounts" : "Geschlossen Zeitkonten",
        "all_time_accounts" : "Alle Zeitkonten",
        "close" : "Schließen",
        "open_up" : "Öffnen",
        "release_notes" : "Release Notes",
        "release_note_text_1" : " 1.6.0 (31.08.2023)\n - Umstieg auf JSON-Files für das Design und die Sprache.\n- Beim Schließen eines Zeitkontos wird neben des Zurücksetzen der Uhr des Zeitkontos auch die Arbeitszeit-Uhr um die zurückgesetzte Zeit reduziert.",
        "release_note_text_2" : " 1.6.1 (03.09.2023)\n - Neuordnung der Info-Buttons im Tab Einstellungen.\n- Überarbeitung der Setting-Datenbank.",
        "release_note_text_3" : " 1.6.2 (17.09.2023)\n - Die Arbeitsfenster wurden um die Auswahl zwischen den Ansichten 'Steuerung', 'Dynamisch' und 'Info' erweitert.\n- Überarbeitung der Setting-Datenbank.",
        "easytarc_directory" : "EasyTARC-Verzeichnis öffnen",
        "list_work_window_view" : "Fenster Liste: Ansicht",
        "bar_work_window_view" : "Fenster Balken: Ansicht",
        "list_work_window" : "Arbeitsfenster Liste",
        "bar_work_window" : "Arbeitsfenster Balken",
        "Arbeitsfenster Liste" : "list_work_window",
        "Arbeitsfenster Balken" : "bar_work_window",
        "control_view" : "Vorzugsansicht Steuerung",
        "Statisch (Vorzugsansicht Steuerung)" : "control_view",
        "info_view" : "Vorzugsansicht Info",
        "Statisch (Vorzugsansicht Info)" : "info_view",
        "dynamic_view" : "Vorzugsansicht Dynamisch",
        "Dynamisch" : "dynamic_view",
        "tips_and_tricks_9" : "Wechseln der Ansicht statischer Arbeitsfenster:\nZum Wechseln von der 'Ansicht Info' zur 'Ansicht Steuerung' und umgekehrt, kannst du einfach einen Doppelklick auf den angezeigten Namen des gerade aktiven Zeitkontos machen.",
        "release_note_text_4" : " 1.6.3 (19.09.2023)\n - Das neue Verhalten der Arbeitsfenster aus dem letzten Update wurde überarbeitet.",
        "booking_reminder_2" : " Hinweis: Erinnerung zum Verbuchen. Du hast viele ungebuchte Stunden.",
        "list" : "Liste",
        "Liste" : "list",
        "dropdown" : "Dropdown",
        "Dropdown" : "dropdown",
        "double_click" : "*Doppelklick*",
        "tips_and_tricks_10" : "Arbeitsfenster personalisieren:\nDurch einen Rechtsklick auf das Namensfeld des aktiven Kontos im Arbeitsfenster öffnet sich eine Liste mit Optionen. Hier kannst du das jeweilige Arbeitsfenster als Standard setzen und eine Vorzugsansicht wählen.",
        "release_note_text_5" : " 1.6.4 (24.09.2023)\n - Bei dem Arbeitsfenster Mini kann nun zwischen der Art 'Liste' und der Art 'Dropdown' gewählt werden. Dabei entspricht die Art 'Dropdown' dem bisherigen Verhalten des Arbeitsfenster Mini und die Art 'Liste' wurde speziell für Personen, die am Tag in sehr vielen Zeitkonten arbeiten, entwickelt.",
        "release_note_text_6" : " 1.6.5 (26.09.2023)\n - Überarbeitung des Excel Exports.\n - Anpassung der Arbeitsfensters. \n - Erstellen von nicht buchbaren Zeitkonten und deren Kennzeichung durch lila Button.",
        "loading" : "Laden ...",
        "bookable" : "Buchbar",
        "create_account_bookable_text" : "Nicht buchbare Konten haben bei der Aktivierung einen lila Button.",
        "not_bookable": "Nicht buchbar",
        "tips_and_tricks_11" : "Farbe der Aktivierungs-Buttons: \nNicht buchbare Konten haben bei der Aktivierung einen lila Button. \nBuchbare Konten haben bei der Aktivierung einen grünen Button.",
        "release_note_text_7" : " 1.6.6 (29.10.2023)\n - Überarbeitung des Excel Exports.\n - Fehlerbehebung der Arbeitsfensters.",
        "release_note_text_8" : " 1.6.7 (02.11.2023)\n - Erweiterung um die Konfiguration 'single_user_unencrypted' und Umstrukturierung der Datenbanken.",
        "configuration" : "Konfiguration",
        "clipboard" : "Zwischenablage",
        "clipboard_paste" : "Daten einfügen",
        "clipboard_paste_info" : "Die Daten in der Zwischenablage konnten nicht eingefügt werden.",
        "no_falid_name" : "Sie müssen einen gültigen Namen vergeben.",
        "not_only_spaces" : "Der Name darf nicht nur Leerzeichen beinhalten.",
        "not_only_numbers" : "Der Name darf nicht nur Nummern enthalten.",
        "name_already_exists" : "Dieser Name existiert bereits.",
        "nbr_for_nbr_fields" : "Bitte nur ganze Zahlen bei Nummerfeldern eintragen.",
        "clipboard_paste_info_2":"Leider passen die bereits ausgefüllten Daten\nnicht zu denen aus der Zwischenablage.",
        "show" : "Einblenden",
        "delete_record" : "Eintrag löschen",
        "delete_record_text" : "Möchtest du wirklich diesen Eintrag löschen?",
        "new_record" : "Neuer Eintrag",
        "edit_record" : "Eintrag bearbeiten",
        "time_account" : "Zeitkonto",
        "date" : "Datum",
        "nbr_for_hour_fields" : "Die eingetragene Zeit passt nicht.",
        "time_already_booked" : "Beachte, dass diese Zeit bereits als gebucht markiert wurde.",
        "booked_status_info" : "Hier änderst du nur den Status innerhalb von EasyTARC.",
        "update_installed" : "Update erkannt, du nutzt nun die Version:",
        "release_note_text_9" : " 1.6.8 (11.11.2023)\n - Bug fix Arbeitsfenster Ansicht dynamisch.\n - Offene und aktive Konten können nun bearbeitet werden.\n - Konten 'Entfernen' im Tab Erfassung heißt jetzt Konten 'Ausblenden'.\n - Dropdown im Tab Erfassung verbessert.\n - Einfüge-Option für das Projekt, den Auftrag, den Vorgang und die Rückmelde-ID aus anderen Programmen per Json-file.\n - Ordnerstruktur wurde um einen Ordner für die Datenbanken ergänzt.\n - Nach einem durchgeführten Update wird nun eine Meldung angezeigt.\n - Im Tab Erfasste Zeiten können nun Zeiten bearbeitet, gelöscht und nachgetragen werden.\n - Die Optik der Arbeitsfenster wurde leicht angepasst.\n - Die Eingabe von Zahlen wurde um die Überprüfung auf positiven Wert ergänzt.",
        "close_easytarc" : "EasyTARC beenden",
        "ok" : "Ok",
        "recording_closed_saved" : "Die Erfassung ist beendet und gespeichert",
        "switch_to":"Umstellen auf",
        "not_allowed_characters":"Nicht erlaubte Satzzeichen",
        "analysis":"Auswertung",
        "system_start_info_1":"Der Start der Erfassung weicht um",
        "system_start_info_2":"vom Systemstart deines PC ab. Diese Info kann hilfreich für eine Korrektur der Erfassung sein.",
        "session_data":"Session-Daten",
        "system_start_time": "Systemstart (PC)",
        "release_note_text_10" : " 1.7.0 (12.12.2023)\n - Bug fix im Tab Erfasste Zeiten. \n - Verhaltensweise der Fenster bei der Nutzung eines zweiten Bildschirms.\n - Überarbeitung der Datenbankstruktur.\n - Info Fenster zum Beenden von EasyTARC.\n - Einblenden und Ausblenden von Gruppen.\n - Hinweis zum Systemstart.",
        "time_account_report":"Zeitkontenbericht",
        "time_sum":"Zeitsumme",
        "with_sub_accounts":"Mit Unterkonten",
        "without_sub_accounts":"Ohne Unterkonten",
        "release_note_text_11" : " 1.7.1 (13.12.2023)\n - Bug fix.",
        "":"",
        "deviation_systemstart":"Abweichung zwischen\nSystemstart und Erfassung",
        "recording_period":"Erfassungszeitraum",
        "save_info":"Nur die Daten unter Erfasste Zeiten werden gespeichert.",
        "data":"Daten",
        "create_record_account_text":"Nur geöffnete Zeitkonten werden vorgeschlagen.",
        "expiration_date":"Gültig bis",
        "available_hours":"Stundenvolumen",
        "month_01":"Januar",
        "month_02":"Februar",
        "month_03":"März",
        "month_04":"April",
        "month_05":"Mai",
        "month_06":"Juni",
        "month_07":"Juli",
        "month_08":"August",
        "month_09":"September",
        "month_10":"Oktober",
        "month_11":"November",
        "month_12":"Dezember",
        "Januar":"month_01",
        "Februar":"month_02",
        "März":"month_03",
        "April":"month_04",
        "Mai":"month_05",
        "Juni":"month_06",
        "Juli":"month_07",
        "August":"month_08",
        "September":"month_09",
        "Oktober":"month_10",
        "November":"month_11",
        "Dezember":"month_12",
        "create_expiration_date_text":"Ist das angegebene Datum erreicht und das Zeitkonto noch nicht geschlossen, \nwird der Name des Zeitkontos rot hinterlegt.\nWenn z.B. die Rückmelde-ID nur bis zum Jahresende gültig ist, \nsollte hier der 31.12. des Jahres ausgewählt werden.",
        "create_available_hours_text":"Hier kannst du eintragen wie viele Stunden du planst in dem Zeitkonto zu arbeiten. \nIm Tab Erfassung werden dir deine Reststunden angezeigt.",
        "time_account_date_expiration":"Dieses Zeitkonto ist nach dem angegebenen Datum ungültig.",
        "hours_left":"Verbleibende Stunden",
        "hours_abbreviation":"h",
        "bookable_time":"Buchbare Zeit",
        "set_as_default_window":"Als Standard-Arbeitsfenster setzen",
        "detach_window":"Arbeitsfenster lösen",
        "attach_window":"Arbeitsfenster anheften",
        "active":"aktiv",
        "right_click":"*Rechtsklick*",
        "release_note_text_12":" 1.8.0 (22.01.2024)\n - Die Funktion zum Bearbeiten von bereits erfassten Zeiten wurde erweitert.\n - Die Funktionen zum Hinzufügen und Bearbeiten von Zeitkonten wurden erweitert.\n - Manche Funktionen und wurden umbenannt (z. B. Feierabend -> Erfassung beenden)\n - Die allgemeine Performance konnte verbessert werden.\n - Die Funktionen für Infos zur aktuellen Erfassung wurde neu strukturiert.\n - Die Einstellungen der Arbeitsfenster können nun direkt per Rechtsklick im Arbeitsfenster angepasst werden. \n - Der Tab Einstellungen wurde vereinfacht.",
        "ww_up":"Oben anheften",
        "ww_down":"Unten anheften",
        "app_links":"Verknüpfungen",
        "start_up_link":"Autostart Ordner",
        "desktop_link":"Desktop Verknüpfung"  ,
        "set_start_up_link_manual":"Es konnte keine Verknüpfung erstellt werden, bitte erstelle manuell eine Verknüpfung.\n\nEs wurden zwei Ordner geöffnet, einer enthält die Datei EasyTARC.exe, der andere ist dein Autostart-Ordner.\n\nUm EasyTARC zum Autostart hinzuzufügen, klicke mit der rechten Maustaste auf EasyTARC.exe, um eine Verknüpfung zu erstellen, und verschiebe diese in den Autostart-Ordner.",
        "manual_add":"Manuell hinzufügen",
        "set_desktop_link_manual":"Es wurden zwei Ordner geöffnet, einer enthält die Datei EasyTARC.exe, der andere ist dein Desktop-Ordner. Um EasyTARC zum Desktop hinzuzufügen, klicke mit der rechten Maustaste auf EasyTARC.exe, um eine Verknüpfung zu erstellen, und verschiebe diese in den Desktop-Ordner.",
        "delete_app_link":"Um den Link zu entfernen, lösche ihn aus dem geöffneten Ordner.",
        "end_break":"Pause beenden",
        "welcome":"Willkommen!",
        "password":"Passwort",
        "db_config":"Datenbank konfigurieren",
        "permission":"Freigabe",
        "close_work_window":"Arbeitsfenster schließen",
        "open_main_window":"Hauptfenster öffnen",
        "change_work_window":"Arbeitsfenster wechseln",
        "open_work_window":"Arbeitsfenster öffnen",
        "close_main_window":"EasyTARC beenden",
        "minutes":"Minuten",
        "easy_tarc_short_description":"EasyTARC - Easy time accounts recording control\nLicensed under the Apache License, Version 2.0\nCopyright 2023 Sebastian Feiert\nGithub: https://github.com/SebastianFird/EasyTARC",
        "permission_request_code":"Anfrage Code",
        "permission_request_info":"Bitte kopiere den Code und schicke diesem dem EasyTARC Verantwortlichen.",
        "permission_response_code":"Freigabe Code",
        "permission_response_info":"Bitte kopiere deinen Freigabe Code und klicke auf einfügen.",
        "paste":"Einfügen",
        "copy":"Kopieren",
        "authorised":"Autorisiert",
        "not_authorised":"Falscher Code",
        "authorisation_failed":"Einfügen gescheitert",
        "db_config_info":"Passwort verschlüsselt:\nDie Datenbank wird mit einen von dir festgelegten Passwort verschlüsselt.\n\nBenutzernamen verschlüsselt:\nDie Datenbank wird auf deinen Benutzernamen verschlüsselt.\nAchtung, die Datenbank kann von einer Person mit IT-Kenntnissen unter bestimment Vorraussetzungen entschlüsselt werden.\n\nUnverschlüsselt:\nDie Datenbank wird nicht verschlüsselt\n\nDie Datenbank wird immer nur in deinem ausgewählten EasyTARC Verzeichnis gespeichert.",
        "db_config_info_2":"Benutzernamen verschlüsselt:\nDie Datenbank wird auf deinen Benutzernamen verschlüsselt.\nAchtung, die Datenbank kann von einer Person mit IT-Kenntnissen unter bestimment Vorraussetzungen entschlüsselt werden.\n\nPasswort verschlüsselt:\nDie Datenbank wird mit einen von dir festgelegten Passwort verschlüsselt.\n\nDie Datenbank wird immer nur in deinem ausgewählten EasyTARC Verzeichnis gespeichert.",        
        "options":"Optionen",
        "database_password_encrypted":"Passwort verschlüsst",
        "database_username_encrypted":"Benutzernamen verschlüsselt",
        "database_unencrypted":"Unverschlüsselt",
        "Passwort verschlüsst":"database_password_encrypted",
        "Benutzernamen verschlüsselt":"database_username_encrypted",
        "Unverschlüsselt":"database_unencrypted",
        "set_password":"Passwort festlegen",
        "repeat":"Wiederholen",
        "start_easytarc":"Starten",
        "passwords_not_same":"Die Passwörter stimmen nicht überein.",
        "no_permission":"Keine Freigabe.",
        "passwords_len_too_short":"Ein Passwort muss min. aus 6 Zeichen bestehen.",
        "password_input":"Passwort eingeben",
        "icon_easytarc_info":"Für mehr Infos, klicke auf das Icon oben Links.",
        "select_all":"Alle auswählen",
        "export_time_accounts":"Zeitkonten exportieren",
        "export_time_account":"Zeitkonto exportieren",
        "select_day":"Tag auswählen",
        "bookable_time_accounts":"Buchbare Zeitkonten",
        "not_bookable_time_accounts":"Nicht buchbare Zeitkonten",
        "auto_booking_time_accounts":"Zeitkonten mit Auto-Buchung",
        "import_time_accounts":"Zeitkonten importieren",
        "import_time_accounts_failed":"Die Zeitkonten konnten nicht importiert werden.",
        "export_time_accounts_failed":"Die Zeitkonten konnten nicht exportiert werden.",
        "export_sub_time_accounts_failed":"Nicht alle Unterkonten konnten exportiert werden, da die jeweiligen Hauptkonten nicht ausgewählt waren.",
        "release_note_text_13":" 1.9.0 (04.02.2024)\n - Das Arbeitsfenster Leiste kann nun auch am unteren Bildschirmrand fixiert werden.\n - Nachdem eine Erfassung beendet wurde, kann direkt eine neue Erfassung gestartet werden.\n- Zeitkonten haben zwei neue Eigeschaften: Gültigkeit und Stundenvolumen\n - Der komplette Startprozess wurde überarbeitet\n - Die Datenbank kann nun mit einem eigenen Passwort verschlüsselt werden.\n - Es können Zeitkonten exportiert und importiert werden.",
        "release_note_text_14":" 1.9.1 (14.02.2024)\n - Das Fensterverhalten wurde angepasst."
    },
    "english": 
    {
        "language_name": "english",
        "apply" : "Apply",
        "record" : "Recording",
        "booking" : "Booking",
        "recorded_times" : "Recorded times",
        "time_accounts" : "Time accounts",
        "settings" : "Settings",
        "new_main_account" : "New main-account",
        "add" : "Add",
        "break" : "Break",
        "close_recording" : "Close recording",
        "recording_closed" : "Recording closed",
        "name" : "Name",
        "total_time" : "Total time",
        "single_times" : "Single times",
        "correction" : "Correction",
        "current" : "Current",
        "working_time" : "Recorded time",
        "rate" : "Rate",
        "break_time" : "Break time",
        "book_sums" : "Book sums",
        "book_by_date" : "Book by date",
        "hours" : "Hours",
        "booked" : "Booked",
        "monday" : "Monday",
        "tuesday" : "Tuesday",
        "wednesday" : "Wednesday",
        "thursday" : "Thursday",
        "friday" : "Friday",
        "saturday" : "Saturday",
        "sunday" : "Sunday",
        "status" : "Status",
        "open" : "Open",
        "closed" : "Closed",
        "all" : "All",
        "search" : "Search",
        "action" : "Action",
        "project" : "Project",
        "order" : "Order",
        "process" : "Process",
        "set_up" : "Set up",
        "about_EasyTARC" : "About EasyTARC",
        "appearance" : "Appearance",
        "language" : "Language",
        "working_window" : "Working Window",
        "standard" : "Standard",
        "position" : "Position",
        "reset_time" : "Reset time",
        "font" : "Font",
        "size" : "Size",
        "database" : "Database",
        "info" : "Info",
        "recording_start" : "Start of recording",
        "description" : "Description",
        "group" : "Group",
        "auto_booking" : "Auto booking",
        "response_code" : "Booking-ID",
        "response_text": "Booking text",
        "fillable" : "Fillable",
        "mandatory_field" : "Mandatory",
        "new_time_account" : "New time account",
        "edit" : "Edit",
        "edit_main_account" : "Edit main-account",
        "edit_time_account" : "Edit time account",
        "info_about_the_time_account" : "Info about the time account",
        "remove" : "Remove",
        "new_order" : "New order",
        "new_process" : "New process",
        "new_sub_account" : "New sub-account",
        "show_all_sub_accounts" : "Show all sub-accounts",
        "hide" : "Hide",
        "start" : "Start",
        "o_clock" : "o'clock",
        "to" : "to",
        "duration" : "Duration",
        "warning" : "Warning",
        "back" : "Back",
        "yes" : "Yes",
        "no" : "No",
        "style" : "Style",
        "export" : "Export",
        "version" : "Version",
        "about_EasyTARC_text_1" : "EasyTARC\n(Easy time accounts recording control)\nLicensed under the Apache License, Version 2.0\nCopyright 2023 Sebastian Feiert",
        "about_EasyTARC_text_2" : "Developer: Sebastian Feiert\nGithub: https://github.com/SebastianFird/EasyTARC",
        "about_EasyTARC_text_3" : "About me:\nEasyTARC is my first opensource project. The goal of this project is to improve my knowledge in Python and in the framework Tkinter, as well as to get familiar with the development of desktop applications.",
        "about_EasyTARC_text_4" : "I hope you like the program, if you have any suggestions, feel free to contact me.",
        "error" : "Error",
        "edit_sub_account" : "Edit sub-account",
        "main_account" : "main-account",
        "create_account_name_text_A" : "The name must be unique. Here a combination of\nof project + order + process. (Example: BM000001-01 Planning)",
        "create_account_name_text_B" : "The name of a sub-account does not have to be unique. (Example: M001)",
        "create_account_description_text" : "The description is for more detailed information about this time account.",
        "create_account_group_text" : "With the help of the group, the projects are displayed grouped in the Capture tab.\nJust enter the name for a new group.",
        "create_account_project_label_text" : "Here you can enter a project associated with the time account.",
        "create_account_order_label_text": "A project can contain several orders.\nHere you can enter an order associated with the time account.",
        "create_account_process_label_text" : "An order can contain several processes.\nHere you can enter a process associated with the time account.",
        "create_account_auto_booking_text" : "If this box is checked, the hours recorded in this time account will automatically be\nrecorded as booked. (Example: The supervisor books\nthe hours for group arrangements for all group members)",
        "complete_editing" : "Complete editing",
        "reset_all_windows": "Reset all window positions",
        "identification" : "Identification",
        "data_are_stored_temporarily" : "The recorded times are stored temporarily every three minutes.",
        "without_allocation" : "Without allocation",
        "booking_reminder" : " Note: Reminder to book. The end of the month is in sight.",
        "locked" : "Locked",
        "end": "End",
        "week" : "Week",
        "tips_and_tricks" : "Tips and tricks",
        "tips_and_tricks_1" : "Tips and tricks:",
        "tips_and_tricks_2" : "Window positions:\nIf you want to reset all window positions, right-click on the title bar of a window.",
        "tips_and_tricks_3" : "Sub-accounts:\nIf you want to further differentiate the time from a time account, simply create one or more sub-accounts. Create a sub-account with a right click on a time account.",
        "tips_and_tricks_4" : "About EasyTARC:\nIf you want to learn more about EasyTARC, click on the icon in the upper left corner.",
        "tips_and_tricks_5" : "Close a time account:\nWhen you have closed a project/order/process, go to the 'Time accounts' tab, find the representative time account and close it. A closed time account will no longer appear in the 'Recording' tab.",
        "tips_and_tricks_6" : "Clarity:\nIf you are working on a large number of projects in parallel and all the time accounts become confusing, it makes sense to group them and hide them temporarily. To hide or show a group, simply click on the group name.",
        "tips_and_tricks_7" : "Session info:\nIf you want to know more detailed information about the current session, click on the small 'i' in the lower right corner.",
        "tips_and_tricks_8" : "Time corrections:\nIf you have made several corrections in one session and now want to review them, you can change the time column from 'Total time' to 'Single times' by clicking on the moon symbol. Then you can hover with the mouse over the corrected time and all individual corrections will be displayed.",
        "the_recording_is_finished" : "The recording is finished",
        "backup_found" : "Backup found",
        "restore_recording" : "Restore recording",
        "save_and_start_new_recording" : "save backup and start new recording",
        "start_new_recording" : "start new recording",
        "backup_info_text" : "The last recording was buffered \n or not finished correctly.",
        "error_message" : "Error message",
        "backup_error_text" : "Faulty backup identified. Please report this error to the support team.",
        "min" : "min",
        "record_info_text_1" : "The clock can only be reset if the time account is not active.",
        "record_info_text_2" : "Only a main-account with the time 00:00:00 can be removed.",
        "record_info_text_3" : "Only a sub-account with the time 00:00:00 can be hidden.",
        "record_info_text_4" : "This main-account has no sub-accounts.",
        "type" : "Type",
        "sub_account" : "Sub-account",
        "exit_window_text" : "The recorded times have not yet been saved. Would you like to temporarily save the times already recorded?",
        "delete_time_account" : "Delete time account",
        "delete_time_account_text" : "Do you really want to delete this time account? All time recorded on this time account will also be deleted.",
        "close_time_account" : "Close time account",
        "close_time_account_text_1" : "Do you really want to close this time account? If you have already recorded time on this account in today's session, it will be lost when you close it.",
        "close_time_account_text_2" : "Do you really want to close this time account?",
        "delete" : "Delete",
        "edit_delete_info_text" : "To delete a time account, the time account must be closed.",
        "book" : "Book",
        "copied" : "copied",
        "output_times_in_excel" : "Create time data report",
        "not_booked" : "Not booked",
        "open_time_accounts" : "Open time accounts",
        "closed_time_accounts" : "Closed time accounts",
        "all_time_accounts" : "All time accounts",
        "close" : "Close",
        "open_up" : "Open up",
        "release_notes" : "Release notes",
        "release_note_text_1" : " 1.6.0 (31.08.2023)\n - Switch to JSON files for the design and language.\n- When closing a time account, in addition to resetting the time account clock, the working time clock is also reduced by the reset time.",
        "release_note_text_2" : " 1.6.1 (03.09.2023)\n - Rearrangement of the info buttons in the Settings tab.\n- Revision of the setting database.",
        "release_note_text_3" : " 1.6.2 (17.09.2023)\n - The working Windows have been extended by the choice between the views 'Control', 'Dynamic' and 'Info'.\n- Revision of the setting database.",
        "easytarc_directory" : "Open EasyTARC directory",
        "list_work_window_view" : "List window: view",
        "bar_work_window_view" : "Bar window: view",
        "list_work_window" : "List Work window",
        "bar_work_window" : "Bar Work Window",
        "List Work window" : "list_work_window",
        "Bar Work Window" : "bar_work_window",
        "control_view" : "Preferred view control",
        "Static (preferred view control)" : "control_view",
        "info_view" : "Preferred view info",
        "Static (preferred view info)" : "info_view",
        "dynamic_view" : "Preferred view dynamic",
        "Dynamic" : "dynamic_view",
        "tips_and_tricks_9" : "Switching the view of static work windows:\nTo switch from the 'Info view' to the 'Control view' and vice versa, simply double-click on the name of the currently active time account.",
        "release_note_text_4" : " 1.6.3 (19.09.2023)\n - The new behaviour of the working windows from the last update has been revised.",
        "booking_reminder_2" : " Note: Reminder to book. You have many unbooked hours.",
        "list" : "List",
        "List" : "list",
        "dropdown" : "Dropdown",
        "Dropdown" : "dropdown",
        "double_click" : "*double-click*",
        "tips_and_tricks_10" : "Personalize work window:\nRight-click on the name field of the active account in the work window to open a list of options. Here you can set the respective work window as the default and select a preferred view.",
        "release_note_text_5" : " 1.6.4 (24.09.2023)\n - In the Mini work window, it is now possible to choose between the 'List' and the 'Dropdown' type. The 'Dropdown' type corresponds to the previous behaviour of the Mini work window and the 'List' type was developed especially for people who work in many time accounts during the day.",
        "release_note_text_6" : " 1.6.5 (26.09.2023)\n - Revision of the Excel export.\n - Work window customization. \n - Creating time accounts that are not bookable and marking them with a purple button.",
        "loading" : "loading ...",
        "bookable" : "Bookable",
        "create_account_bookable_text" : "Not bookable accounts have a purple button on activation.",
        "not_bookable": "Not bookable",
        "tips_and_tricks_11" : "Color of activation buttons: \nNot bookable accounts have a purple button on activation.\nBookable accounts have a green button on activation.",
        "release_note_text_7" : " 1.6.6 (29.10.2023)\n - Revision of the Excel export.\n - Work window bug fixes.",
        "release_note_text_8" : " 1.6.7 (02.11.2023)\n - Extension by the configuration 'single_user_unencrypted' and restructuring of the databases.",
        "configuration" : "Configuration",
        "clipboard" : "Clipboard",
        "clipboard_paste" : "Paste data",
        "clipboard_paste_info" : "The data in the clipboard could not be pasted.",
        "no_falid_name" : "You must assign a valid name.",
        "not_only_spaces" : "The name must not contain only spaces.",
        "not_only_numbers" : "The name must not only contain numbers.",
        "name_already_exists" : "This name already exists.",
        "nbr_for_nbr_fields" : "Please only enter whole numbers for number fields.",
        "clipboard_paste_info_2":"Unfortunately, the data already filled in\ndoes not match the data from the clipboard.",
        "show" : "Show",
        "delete_record" : "Delete record",
        "delete_record_text" : "Do you really want to delete this record?",
        "new_record" : "New record",
        "edit_record" : "Edit record",
        "time_account" : "Time account",
        "date" : "Date",
        "nbr_for_hour_fields" : "The time entered does not match.",
        "time_already_booked" : "Note that this time has already been marked as booked.",
        "booked_status_info" : "Here you only change the status within EasyTARC.",
        "update_installed" : "Update recognized, you are now using the version:",
        "release_note_text_9" : " 1.6.8 (11.11.2023)\n- Bug fix work window view dynamic.\n - Open and active accounts can now be edited.\n - Accounts 'Remove' in tab Entry is now called accounts 'Hide'.\n - Dropdown in tab Entry improved.\n - Insert option for project, order, operation and response id from other programs via Json file.\n - Folder structure has been supplemented by a folder for the databases.\n - A message is now displayed after an update has been carried out.n - Times can now be edited, deleted and added in the Recorded times tab.\n - The appearance of the work windows has been slightly adjusted.\n - The input of numbers has been supplemented by the check for positive value.",
        "close_easytarc" : "Close EasyTARC",
        "ok" : "Ok",
        "recording_closed_saved" : "The recording is closed and saved",
        "switch_to":"Switch to",
        "not_allowed_characters":"Not allowed characters",
        "analysis":"Analysis",
        "system_start_info_1":"The start of recording deviates by",
        "system_start_info_2":"from the system start of your PC. This information can be helpful for correcting the recording.",
        "session_data": "Session data",
        "system_start_time": "System start (PC)",
        "release_note_text_10" : " 1.7.0 (12.12.2023)\n - Bug fix in tab recording times. \n - Behavior of the windows when using a second screen.\n - Revision of the database structure.\n - Info window for exiting EasyTARC.\n - Show and hide groups.\n - Note on system startup.",
        "time_account_report":"Time account report",
        "time_sum":"Time sum",
        "with_sub_accounts":"With sub-accounts",
        "without_sub_accounts":"Without sub-accounts",
        "release_note_text_11" : " 1.7.1 (13.12.2023)\n - Bug fix.",
        "":"",
        "deviation_systemstart":"Deviation between\nsystem start and recording",
        "recording_period":"Recording period",
        "save_info":"Only the data under Recorded times is saved",
        "data":"Data",
        "create_record_account_text":"Only open time accounts are suggested.",
        "expiration_date":"Expiration date",
        "available_hours":"Available hours",
        "month_01":"January",
        "month_02":"February",
        "month_03":"March",
        "month_04":"April",
        "month_05":"May",
        "month_06":"June",
        "month_07":"July",
        "month_08":"August",
        "month_09":"September",
        "month_10":"October",
        "month_11":"November",
        "month_12":"December",
        "January":"month_01",
        "February":"month_02",
        "March":"month_03",
        "April":"month_04",
        "May":"month_05",
        "June":"month_06",
        "July":"month_07",
        "August":"month_08",
        "September":"month_09",
        "October":"month_10",
        "November":"month_11",
        "December":"month_12",
        "create_expiration_date_text":"If the specified date has been reached and the time account \nhas not yet been closed, the name of the time account is highlighted in red.\nIf, for example, the Booking-ID is only valid until the end of the year, \nDecember 31 of the year should be selected here.",
        "create_available_hours_text":"Here you can enter how many hours you plan to work in the time account. \nYour remaining hours are displayed in the Recording tab.",
        "time_account_date_expiration":"This time account is invalid after the specified date.",
        "hours_left":"Hours left",
        "hours_abbreviation":"h",
        "bookable_time":"Bookable time",
        "set_as_default_window":"Set as default work window",
        "detach_window":"Detach work window",
        "attach_window":"Attach work window",
        "active":"active",
        "right_click":"*right-click*",
        "release_note_text_12":" 1.8.0 (22.01.2024)\n - The function for editing already recorded times has been extended.\n - The functions for adding and editing time accounts have been extended.\n - Some functions and have been renamed (e.g. end of work -> close recording)\n - The general performance has been improved.\n - The functions for information on the current recording have been restructured.\n - The settings of the work windows can now be adjusted directly by right-clicking in the work window. \n - The tab Settings has been simplified.",
        "ww_up":"Attach to top",
        "ww_down":"Attach to bottom",
        "app_links":"Links",
        "start_up_link":"Start up folder",
        "desktop_link":"Desktop folder" ,
        "set_start_up_link_manual":"No link could be created, please create a link manually.\n\nTwo folders have been opened, one contains the file EasyTARC.exe, the other is your Autostart folder.\n\nTo add EasyTARC to Autostart, right-click on EasyTARC.exe to create a shortcut and move it to the Autostart folder.",
        "manual_add":"Add manual",
        "set_desktop_link_manual":"Two folders have been opened, one contains the file EasyTARC.exe, the other is your Desktop folder. To add EasyTARC to Desktop, right-click on EasyTARC.exe to create a shortcut and move it to the Desktop folder.",
        "delete_app_link":"To remove the link, delete it from the open folder.",
        "end_break":"End break",
        "welcome":"Welcome!",
        "password":"Password",
        "db_config":"Database configuration",
        "permission":"Permission",
        "close_work_window":"Close work window",
        "open_main_window":"Open main window",
        "change_work_window":"Change work window",
        "open_work_window":"Open work window",
        "close_main_window":"Close EasyTARC",
        "minutes":"minutes",
        "easy_tarc_short_description":"EasyTARC - Easy time accounts recording control\nLicensed under the Apache License, Version 2.0\nCopyright 2023 Sebastian Feiert\nGithub: https://github.com/SebastianFird/EasyTARC",
        "permission_request_code":"Request code",
        "permission_request_info":"Please copy the code and send it to the person responsible for EasyTARC.",
        "permission_response_code":"Permission code",
        "permission_response_info":"Please copy your permission code and click on paste.",
        "paste":"Paste",
        "copy":"Copy",
        "authorised":"Authorised",
        "not_authorised":"Incorrect code",
        "authorisation_failed":"Paste failed",
        "db_config_info":"Password encrypted:\nThe database is encrypted with a password you specify.\n\nUser name encrypted:\nThe database is encrypted to your user name.\nAttention, the database can be decrypted by a person with IT knowledge under certain conditions.\n\nUnencrypted:\nThe database is not encrypted\n\nThe database is only ever saved in your selected EasyTARC directory.",
        "db_config_info_2":"User name encrypted:\nThe database is encrypted to your user name.\nAttention, the database can be decrypted by a person with IT knowledge under certain conditions.\n\nPassword encrypted:\nThe database is encrypted with a password you specify.\n\nThe database is only ever saved in your selected EasyTARC directory.",
        "options":"Options",
        "database_password_encrypted":"Password encrypted",
        "database_username_encrypted":"User name encrypted",
        "database_unencrypted":"Unencrypted",
        "Password encrypted":"database_password_encrypted",
        "User name encrypted":"database_username_encrypted",
        "Unencrypted":"database_unencrypted",
        "set_password":"Set password",
        "repeat":"Repeat",
        "start_easytarc":"Start",
        "passwords_not_same":"The passwords do not match.",
        "no_permission":"No permission.",
        "passwords_len_too_short":"A password must consist of at least 6 characters.",
        "password_input":"Enter password",
        "icon_easytarc_info":"Click on the icon at the top left for more information.",
        "select_all":"Select all",
        "export_time_accounts":"Export time accounts",
        "export_time_account":"Export time account",
        "select_day":"Select day",
        "bookable_time_accounts":"Bookable time accounts",
        "not_bookable_time_accounts":"Not bookable time accounts",
        "auto_booking_time_accounts":"Time accounte with auto booking",
        "import_time_accounts":"Import time accounts",
        "import_time_accounts_failed":"The time accounts could not be imported.",
        "export_time_accounts_failed":"The time accounts could not be exported.",
        "export_sub_time_accounts_failed":"Not all sub-accounts could be exported as the respective main accounts were not selected.",
        "release_note_text_13":"1.9.0 (04.02.2024)\n - The work window bar can now also be fixed at the bottom of the screen.\n - After a recording has been completed, a new recording can be started directly.\n - Time accounts have two new properties: Expiration date and Available hours\n - The complete start process has been revised\n - The database can now be encrypted with a personal password.\n - Time accounts can be exported and imported.",
        "release_note_text_14":" 1.9.1 (14.02.2024)\n - The window behavior has been adjusted."
    }
}
