{
    "german": 
    {
        "language_name": "german",
        "apply" : "Anwenden",
        "record" : "Erfassung",
        "booking" : "Buchen",
        "recorded_times" : "Erfasste Zeiten",
        "time_accounts" : "Zeitkonten",
        "settings" : "Einstellungen",
        "new_main_account" : "Neues Hauptkonto",
        "add" : "Hinzufügen",
        "break" : "Pause",
        "closing_time" : "Feierabend",
        "name" : "Name",
        "total_time" : "Gesamtzeit",
        "single_times" : "Einzelzeiten",
        "correction" : "Korrektur",
        "current" : "Aktuell",
        "working_time" : "Arbeitszeit",
        "rate" : "Quote",
        "break_time" : "Pausenzeit",
        "book_sums" : "Summen buchen",
        "book_by_date" : "Nach Datum buchen",
        "hours" : "Stunden",
        "booked" : "Gebucht",
        "monday" : "Montag",
        "tuesday" : "Dienstag",
        "wednesday" : "Mittwoch",
        "thursday" : "Donnerstag",
        "friday" : "Freitag",
        "saturday" : "Samstag",
        "sunday" : "Sonntag",
        "status" : "Status",
        "open" : "Offen",
        "closed" : "Geschlossen",
        "all" : "Alle",
        "search" : "Suchen",
        "action" : "Aktion",
        "project" : "Projekt",
        "order" : "Auftrag",
        "process" : "Vorgang",
        "set_up" : "Einrichten",
        "about_EasyTARC" : "Über EasyTARC",
        "appearance" : "Erscheinung",
        "language" : "Sprache",
        "working_window" : "Arbeitsfenster",
        "standard" : "Standard",
        "position" : "Position",
        "reset" : "Zurücksetzen",
        "font" : "Schrift",
        "size" : "Größe",
        "database" : "Datenbank",
        "info" : "Info",
        "begin" : "Beginn",
        "description" : "Beschreibung",
        "group" : "Gruppe",
        "project_nbr" : "Projekt-Nr.",
        "order_nbr" : "Auftrags-Nr.",
        "process_nbr" : "Vorgangs-Nr.",
        "auto_booking" : "Auto-Buchung",
        "booking_nbr" : "Rückmelde-Nr.",
        "booking_text": "Rückmeldetext",
        "fillable" : "Ausfüllbar",
        "mandatory_field" : "Pflichtfeld",
        "new_time_account" : "Neues Zeitkonto",
        "edit" : "Bearbeiten",
        "edit_time_account" : "Zeitkonto bearbeiten",
        "info_about_the_time_account" : "Info zum Zeitkonto",
        "remove" : "Entfernen",
        "new_order" : "Neuer Auftrag",
        "new_process" : "Neuer Vorgang",
        "new_subaccount" : "Neues Unterkonto",
        "show_alsubaccounts" : "Alle Unterkonten einblenden",
        "hide" : "Ausblenden",
        "start" : "Start",
        "o_clock" : "Uhr",
        "to" : "bis",
        "duration" : "Dauer",
        "warning" : "Warnung",
        "back" : "Zurück",
        "yes" : "Ja",
        "no" : "Nein",
        "style" : "Style",
        "export" : "Export",
        "version" : "Version",
        "about_EasyTARC_text_1" : "EasyTARC\n(Easy time accounts recording control)",
        "about_EasyTARC_text_2" : "Entwickler: Sebastian Feiert\nGithub: https://github.com/SebastianFird/EasyTARC",
        "about_EasyTARC_text_3" : "Zu mir:\nEasyTARC ist mein erstes Opensource-Projekt. Ziel ist es mit Hilfe dieses Projekts meine Kenntnisse in Python und in dem Framework Tkinter zu verbessern, sowie mich mit der Entwicklung von Desktop-Anwendungen vertraut zu machen.",
        "about_EasyTARC_text_4" : "Ich hoffe dir gefällt das Programm, wenn du Anregungen hast, melde dich gerne bei mir.",
        "setup_text_1" : "Einrichten des Programms:",
        "setup_text_2" : "1. Ablegen des Programms:\nErstelle einen Ordner in den du die Dateien EasyTARC.exe, EasyTARC_Database_crypted.sql.gz und EasyTARC_User_License.txt packst.",
        "setup_text_3" : "2. Verknüpfung erstellen:\nRechtsklick auf EasyTARC.exe und 'Verknüpfung erstellen' auswählen, anschließend kannst du diese Verknüpfung auf deinem Desktop ablegen.",
        "setup_text_4" : "3. Beim Starten von Windows ausführen:\nErstelle zuerst eine weitere Verknüpfung, dann drückst du gleichzeitig die Windows-Taste und die R-Taste. Jetzt erscheint das Fenster 'Ausführen', hier gibst du 'shell:startup' ein. Nachdem du 'Ok' gedrückst hast, öffnet sich ein Ordner, in den legst du nun die Verknüpfung ab. Beim nächsten Start deines Rechners startet nun EasyTARC ganz automatisch. ",
        "setup_text_5" : "Viel Spaß!",
        "error" : "Fehler",
        "edit_time_subaccount" : "Unterkonto bearbeiten",
        "main_account" : "Hauptkonto",
        "create_account_name_text_A" : "Der Name muss einmalig sein. Hier eignet sich eine Kombination\naus Projekt + Auftrag + Vorgang. (Beispiel: BM000001-01 Planung)",
        "create_account_name_text_B" : "Der Name eines Unterkontos muss nicht einmalig sein. (Beispiel: M001)",
        "create_account_description_text" : "Die Beschreibung ist für weitereführende Informationen zu diesem Zeitkonto.",
        "create_account_group_text" : "Mithilfe der Gruppe werden die Projekte im Tab Erfassung gruppiert dargestellt.\nGebe für eine neue Gruppe einfach den Namen ein.",
        "create_account_project_nbr_text" : "Hier kann eine dem Zeitkonto zugehörige Projekt-Nr. eigegeben werden.",
        "create_account_order_nbr_text": "Ein Projekt kann mehrere Aufträge beinhalten.\nHier kann eine dem Zeitkonto zugehörige Auftrags-Nr. eigegeben werden.",
        "create_account_process_nbr_text" : "Ein Auftrag kann mehrere Vorgänge beinhalten.\nHier kann eine dem Zeitkonto zugehörige Vorgangs-Nr. eigegeben werden.",
        "create_account_auto_booking_text" : "Wenn dieses Kästchen aktiviert ist, werden die erfassten Stunden auf diesem\nZeitkonto automatisch als gebucht erfasst. (Beispiel: Der Vorgesetzte bucht\nfür alle Gruppenmitglieder die Stunden für Gruppenabsprachen)",
        "complete_editing" : "Bearbeitung abschließen",
        "reset_all_windows": "Alle Fensterpositionen zurücksetzen",
        "identification" : "Kennung",
        "data_are_stored_temporarily" : "Daten werden zwischengespeichert",
        "without_allocation" : "Ohne Zuordnung",
        "booking_reminder" : " Hinweis: Erinnerung zum Verbuchen. Das Monatsende ist in Sicht.",
        "locked" : "Gesperrt",
        "end": "Ende",
        "week" : "KW",
        "tips_and_tricks" : "Tipps und Tricks",
        "tips_and_tricks_1" : "Tipps und Tricks:",
        "tips_and_tricks_2" : "Fensterpositionen:\nWenn du alle Fensterpositionen zurücksetzen möchtest, mache einen Rechtsklick auf die Titelleiste eines Fensters.",
        "tips_and_tricks_3" : "Unterkonten:\nWenn du die Zeit von einem Zeitkonto weiter differenzieren möchtest, erstelle einfach ein odere mehrere Unterkonten. Erstelle ein Unterkonto mit einem Rechtsklick auf ein Zeitkonto.",
        "tips_and_tricks_4" : "Über EasyTARC:\nWenn du mehr über EasyTARC erfahren möchtst, klicke auf das Icon oben Links.",
        "tips_and_tricks_5" : "Zeitkonten schließen:\nWenn du ein Projekt/Auftrag/Vorgang abgeschlossen hast, gehe auf den Tab 'Zeitkonten', suche das repräsentative Zeitkonto und schließe es. Ein geschlossenes Zeitkonto taucht im Tab 'Erfassung' nicht mehr auf.",
        "tips_and_tricks_6" : "Übersichtlichkeit:\nWenn du an sehr vielen Projekten parallel arbeitest und die ganzen Zeitkonten unübersichtlich werden, ist es sinnvoll diese zu Gruppieren oder temporär zu entfernen. Zeitkonten kannst du einer Gruppe hinzufügen, das machst du entweder direkt beim Erstellen oder du bearbeitest das Zeitkonto im Tab 'Zeitkonten'. Entfernen kannst du ein Zeitkonto mit einem Rechtsklick auf das Zeitkonto. Du kannst entfernte Zeitkonten über das Dropdown-Menü im Tab 'Erfassung' wieder hinzufügen.",
        "tips_and_tricks_7" : "Session Infos:\nWenn du genauere Informationen zu der gerade laufenden Session erfahren möchtest, klicke auf das kleine 'i' in der unteren rechten Ecke.",
        "tips_and_tricks_8" : "Zeitkorrekturen:\nWenn du in einer Session mehere Korrekturen durchgeführt hast und nun diese nochmal nachvollziehen möchtest, kannst du die Zeitspalte von 'Gesamtzeit' auf 'Einzelzeiten' durch Klicken auf das Mond-Symbol ändern. Anschließend kannst du mit der Maus über der korrigierten Zeit hovern und es werden alle einzelnen Korrekturen angezeigt.",
        "the_recording_is_finished" : "Die Erfassung ist beendet",
        "backup_found" : "Backup gefunden",
        "restore_recording" : "Erfassung wiederherstellen",
        "save_and_start_new_recording" : "Abspeichern und neue Erfassung starten",
        "start_new_recording" : "Neue Erfassung starten",
        "backup_info_text" : "Die letzte Erfassung wurde zwischengespeichert\n oder nicht korrekt beendet",
        "error_message" : "Fehlermeldung",
        "backup_error_text" : "Fehlerhaftes Backup identifiziert. Backup wurde gelöscht.Bitte melden Sie dem Support diesen Fehler.",
        "min" : "min",
        "record_info_text_1" : "Die Uhr kann nur zurückgesetzt werden, wenn das Zeitkonto nicht aktiv ist.",
        "record_info_text_2" : "Nur ein Hauptkonto mit der Zeit 00:00:00 kann entfernt werden.",
        "record_info_text_3" : "Nur ein Unterkonto mit der Zeit 00:00:00 kann ausgeblendet werden.",
        "record_info_text_4" : "Dieses Hauptkonto hat keine Unterkonten.",
        "type" : "Art",
        "sub_account" : "Unterkonto",
        "exit_window_text" : "Die erfassten Zeiten wurden noch nicht gespeichert. Möchten Sie die bereits erfassten Zeiten zwischenspeichern?",
        "delete_time_account" : "Zeitkonto löschen",
        "delete_time_account_text" : "Möchtest du wirklich dieses Zeitkonto löschen? Alle auf dieses Zeitkono erfasste Zeiten werden auch gelöscht.",
        "close_time_account" : "Zeitkonto schließen",
        "close_time_account_text_1" : "Möchtest du wirklich dieses Zeitkonto schließen? Wenn du in der heutigen Session bereits Zeiten auf diesem Konto erfasst hast, gehen diese beim schließen verloren.",
        "close_time_account_text_2" : "Möchtest du wirklich dieses Zeitkonto schließen?",
        "delete" : "Löschen",
        "edit_delete_info_text" : "Um ein Zeitkonto bearbeiten oder löschen zu können muss dieses Zeitkonto geschlossen sein.",
        "book" : "Buchen",
        "copied" : "kopiert",
        "output_times_in_excel" : "Zeiten in Excel ausgeben",
        "not_booked" : "Nicht gebucht",
        "open_time_accounts" : "Offene Zeitkonten",
        "closed_time_accounts" : "Geschlossen Zeitkonten",
        "all_time_accounts" : "Alle Zeitkonten",
        "close" : "Schließen",
        "open_up" : "Öffnen",
        "release_notes" : "Release Notes",
        "release_note_text_1" : " 1.6.0 (31.08.2023)\n - Umstieg auf JSON-Files für das Design und die Sprache.\n- Beim Schließen eines Zeitkontos wird neben des Zurücksetzen der Uhr des Zeitkontos auch die Arbeitszeit-Uhr um die zurückgesetzte Zeit reduziert.",
        "release_note_text_2" : " 1.6.1 (03.09.2023)\n - Neuordnung der Info-Buttons im Tab Einstellungen.\n- Überarbeitung der Setting-Datenbank.",
        "release_note_text_3" : " 1.6.2 (17.09.2023)\n - Die Arbeitsfenster wurden um die Auswahl zwischen den Ansichten 'Steuerung', 'Dynamisch' und 'Info' erweitert.\n- Überarbeitung der Setting-Datenbank.",
        "easytarc_directory" : "Verzeichnis öffnen",
        "mini_work_window_view" : "Fenster Mini: Ansicht",
        "bar_work_window_view" : "Fenster Leiste: Ansicht",
        "mini_work_window" : "Arbeitsfenster Mini",
        "bar_work_window" : "Arbeitsfenster Leiste",
        "Arbeitsfenster Mini" : "mini_work_window",
        "Arbeitsfenster Leiste" : "bar_work_window",
        "control_view" : "Statisch (Vorzugsansicht Steuerung)",
        "Statisch (Vorzugsansicht Steuerung)" : "control_view",
        "info_view" : "Statisch (Vorzugsansicht Info)",
        "Statisch (Vorzugsansicht Info)" : "info_view",
        "dynamic_view" : "Dynamisch",
        "Dynamisch" : "dynamic_view",
        "tips_and_tricks_9" : "Wechseln der Ansicht statischer Arbeitsfenster:\nZum Wechseln von der 'Ansicht Info' zur 'Ansicht Steuerung' und umgekehrt, kannst du einfach einen Doppelklick auf den angezeigten Namen des gerade aktiven Zeitkontos machen.",
        "release_note_text_4" : " 1.6.3 (19.09.2023)\n - Das neue Verhalten der Arbeitsfenster aus dem letzten Update wurde überarbeitet.",
        "booking_reminder_2" : " Hinweis: Erinnerung zum Verbuchen. Du hast viele ungebuchte Stunden.",
        "list" : "Liste",
        "Liste" : "list",
        "dropdown" : "Dropdown",
        "Dropdown" : "dropdown",
        "mini_work_window_type" : "Fenster Mini: Art    ",
        "double_click" : "Doppelklick",
        "tips_and_tricks_10" : "Häufiges Wechseln zwischen Zeitkonten:\nWenn du viel zwischen unterschiedlichen Zeitkonten wechselt, ist vielleicht das Mini Arbeitsfenster 'Liste' praktisch für dich. Du kannst dieses unter Einstellungen -> 'Fenster Mini Art' einstellen.",
        "release_note_text_5" : " 1.6.4 (24.09.2023)\n - Bei dem Arbeitsfenster Mini kann nun zwischen der Art 'Liste' und der Art 'Dropdown' gewählt werden. Dabei entspricht die Art 'Dropdown' dem bisherigen Verhalten des Arbeitsfenster Mini und die Art 'Liste' wurde speziell für Personen, die am Tag in sehr vielen Zeitkonten arbeiten, entwickelt.",
        "release_note_text_6" : " 1.6.5 (26.09.2023)\n - Überarbeitung des Excel Exports.\n - Anpassung der Arbeitsfensters. \n - Erstellen von nicht buchbaren Zeitkonten und deren Kennzeichung durch lila Button.",
        "loading" : "Laden ...",
        "bookable" : "Buchbar",
        "create_account_bookable_text" : "Wenn Sie möchten, dass das Konto buchbar ist, aktivieren Sie bitte das Kontrollkästchen, \nandernfalls müssen die folgenden Informationen nicht ausgefüllt werden.\nNicht buchbare Konten haben bei der Aktivierung einen lila Button.",
        "not_bookable": "Nicht buchbar",
        "tips_and_tricks_11" : "Farbe der Aktivierungs-Buttons: \nNicht buchbare Konten haben bei der Aktivierung einen lila Button. \nBuchbare Konten haben bei der Aktivierung einen grünen Button.",
        "release_note_text_7" : " 1.6.6 (29.10.2023)\n - Überarbeitung des Excel Exports.\n - Fehlerbehebung der Arbeitsfensters.",
        "release_note_text_8" : " 1.6.7 (02.11.2023)\n - Erweiterung um die Konfiguration 'single_user_unencrypted' und Umstrukturierung der Datenbanken.",
        "configuration" : "Konfiguration"
    },
    "english": 
    {
        "language_name": "english",
        "apply" : "Apply",
        "record" : "Recording",
        "booking" : "Booking",
        "recorded_times" : "Recorded times",
        "time_accounts" : "Time accounts",
        "settings" : "Settings",
        "new_main_account" : "New main-account",
        "add" : "Add",
        "break" : "Break",
        "closing_time" : "Closing time",
        "name" : "Name",
        "total_time" : "Total time",
        "single_times" : "Single times",
        "correction" : "Correction",
        "current" : "Current",
        "working_time" : "Working time",
        "rate" : "Rate",
        "break_time" : "Break time",
        "book_sums" : "Book sums",
        "book_by_date" : "Book by date",
        "hours" : "Hours",
        "booked" : "Booked",
        "monday" : "Monday",
        "tuesday" : "Tuesday",
        "wednesday" : "Wednesday",
        "thursday" : "Thursday",
        "friday" : "Friday",
        "saturday" : "Saturday",
        "sunday" : "Sunday",
        "status" : "Status",
        "open" : "Open",
        "closed" : "Closed",
        "all" : "All",
        "search" : "Search",
        "action" : "Action",
        "project" : "Project",
        "order" : "Order",
        "process" : "Process",
        "set_up" : "Set up",
        "about_EasyTARC" : "About EasyTARC",
        "appearance" : "Appearance",
        "language" : "Language",
        "working_window" : "Working Window",
        "standard" : "Standard",
        "position" : "Position",
        "reset" : "Reset",
        "font" : "Font",
        "size" : "Size",
        "database" : "Database",
        "info" : "Info",
        "begin" : "Begin",
        "description" : "Description",
        "group" : "Group",
        "project_nbr" : "Project-No.",
        "order_nbr" : "Order-No.",
        "process_nbr" : "Process-No.",
        "auto_booking" : "Auto booking",
        "booking_nbr" : "Booking-No.",
        "booking_text": "Booking text",
        "fillable" : "Fillable",
        "mandatory_field" : "Mandatory field",
        "new_time_account" : "New time account",
        "edit" : "Edit",
        "edit_time_account" : "Edit time account",
        "info_about_the_time_account" : "Info about the time account",
        "remove" : "Remove",
        "new_order" : "New order",
        "new_process" : "New process",
        "new_subaccount" : "New sub-account",
        "show_alsubaccounts" : "Show all subaccounts",
        "hide" : "Hide",
        "start" : "Start",
        "o_clock" : "o'clock",
        "to" : "to",
        "duration" : "Duration",
        "warning" : "Warning",
        "back" : "Back",
        "yes" : "Yes",
        "no" : "No",
        "style" : "Style",
        "export" : "Export",
        "version" : "Version",
        "about_EasyTARC_text_1" : "EasyTARC\n(Easy time accounts recording control)",
        "about_EasyTARC_text_2" : "Developer: Sebastian Feiert\nGithub: https://github.com/SebastianFird/EasyTARC",
        "about_EasyTARC_text_3" : "About me:\nEasyTARC is my first opensource project. The goal of this project is to improve my knowledge in Python and in the framework Tkinter, as well as to get familiar with the development of desktop applications.",
        "about_EasyTARC_text_4" : "I hope you like the program, if you have any suggestions, feel free to contact me.",
        "setup_text_1" : "Setting up the program:",
        "setup_text_2" : "1. placing the program:\nCreate a folder where you put the files EasyTARC.exe, EasyTARC_Database_crypted.sql.gz and EasyTARC_User_License.txt.",
        "setup_text_3" : "2. create shortcut:\nRight click on EasyTARC.exe and select 'Create Shortcut', then you can place this shortcut on your desktop.",
        "setup_text_4" : "3. run it on Windows startup:\nFirst create another shortcut, then press the Windows key and the R key simultaneously. Now the window 'Run' appears, here you enter 'shell:startup'. After you have pressed 'Ok', a folder opens, in which you now place the shortcut. The next time you start your computer, EasyTARC will start automatically.",
        "setup_text_5" : "Have fun!",
        "error" : "Error",
        "edit_time_subaccount" : "Edit time sub-account",
        "main_account" : "main-account",
        "create_account_name_text_A" : "The name must be unique. Here a combination of\nof project + order + process. (Example: BM000001-01 Planning)",
        "create_account_name_text_B" : "The name of a sub-account does not have to be unique. (Example: M001)",
        "create_account_description_text" : "The description is for more detailed information about this time account.",
        "create_account_group_text" : "With the help of the group, the projects are displayed grouped in the Capture tab.\nJust enter the name for a new group.",
        "create_account_project_nbr_text" : "Here you can enter a project number associated with the time account.",
        "create_account_order_nbr_text": "A project can contain several orders.\nHere you can enter an order number associated with the time account.",
        "create_account_process_nbr_text" : "An order can contain several processes.\nHere you can enter a process number associated with the time account.",
        "create_account_auto_booking_text" : "If this box is checked, the hours recorded in this time account will automatically be\nrecorded as booked. (Example: The supervisor books\nthe hours for group arrangements for all group members)",
        "complete_editing" : "Complete editing",
        "reset_all_windows": "Reset all window positions",
        "identification" : "Identification",
        "data_are_stored_temporarily" : "Data are stored temporarily",
        "without_allocation" : "Without allocation",
        "booking_reminder" : " Note: Reminder to book. The end of the month is in sight.",
        "locked" : "Locked",
        "end": "End",
        "week" : "Week",
        "tips_and_tricks" : "Tips and tricks",
        "tips_and_tricks_1" : "Tips and tricks:",
        "tips_and_tricks_2" : "Window positions:\nIf you want to reset all window positions, right-click on the title bar of a window.",
        "tips_and_tricks_3" : "Sub-accounts:\nIf you want to further differentiate the time from a time account, simply create one or more sub-accounts. Create a sub-account with a right click on a time account.",
        "tips_and_tricks_4" : "About EasyTARC:\nIf you want to learn more about EasyTARC, click on the icon in the upper left corner.",
        "tips_and_tricks_5" : "Close a time account:\nWhen you have closed a project/order/process, go to the 'Time accounts' tab, find the representative time account and close it. A closed time account will no longer appear in the 'Recording' tab.",
        "tips_and_tricks_6" : "Clarity:\nIf you are working on a lot of projects in parallel and all the time accounts become confusing, it makes sense to group or temporarily remove them. You can add time accounts to a group, either directly when creating them or by editing the time account in the tab 'Time accounts'. You can remove a time account with a right click on the time account. You can add removed time accounts again using the drop-down menu in the 'Recording' tab.",
        "tips_and_tricks_7" : "Session info:\nIf you want to know more detailed information about the current session, click on the small 'i' in the lower right corner.",
        "tips_and_tricks_8" : "Time corrections:\nIf you have made several corrections in one session and now want to review them, you can change the time column from 'Total time' to 'Single times' by clicking on the moon symbol. Then you can hover with the mouse over the corrected time and all individual corrections will be displayed.",
        "the_recording_is_finished" : "The recording is finished",
        "backup_found" : "Backup found",
        "restore_recording" : "Restore recording",
        "save_and_start_new_recording" : "save backup and start new recording",
        "start_new_recording" : "start new recording",
        "backup_info_text" : "The last recording was buffered \n or not finished correctly.",
        "error_message" : "Error message",
        "backup_error_text" : "Faulty backup identified. Please report this error to the support team.",
        "min" : "min",
        "record_info_text_1" : "The clock can only be reset if the time account is not active.",
        "record_info_text_2" : "Only a main-account with the time 00:00:00 can be removed.",
        "record_info_text_3" : "Only a sub-account with the time 00:00:00 can be hidden.",
        "record_info_text_4" : "This main-account has no subaccounts.",
        "type" : "Type",
        "sub_account" : "Sub-account",
        "exit_window_text" : "The recorded times have not yet been saved. Would you like to temporarily save the times already recorded?",
        "delete_time_account" : "Delete time account",
        "delete_time_account_text" : "Do you really want to delete this time account? All time recorded on this time account will also be deleted.",
        "close_time_account" : "Close Time Account",
        "close_time_account_text_1" : "Do you really want to close this time account? If you have already recorded time on this account in today's session, it will be lost when you close it.",
        "close_time_account_text_2" : "Do you really want to close this time account?",
        "delete" : "Delete",
        "edit_delete_info_text" : "To edit or delete a time account, the time account must be closed.",
        "book" : "Book",
        "copied" : "copied",
        "output_times_in_excel" : "Output times in Excel",
        "not_booked" : "Not booked",
        "open_time_accounts" : "Open time accounts",
        "closed_time_accounts" : "Closed time accounts",
        "all_time_accounts" : "All time accounts",
        "close" : "close",
        "open_up" : "Open up",
        "release_notes" : "Release notes",
        "release_note_text_1" : " 1.6.0 (31.08.2023)\n - Switch to JSON files for the design and language.\n- When closing a time account, in addition to resetting the time account clock, the working time clock is also reduced by the reset time.",
        "release_note_text_2" : " 1.6.1 (03.09.2023)\n - Rearrangement of the info buttons in the Settings tab.\n- Revision of the setting database.",
        "release_note_text_3" : " 1.6.2 (17.09.2023)\n - The working Windows have been extended by the choice between the views 'Control', 'Dynamic' and 'Info'.\n- Revision of the setting database.",
        "easytarc_directory" : "Open directory",
        "mini_work_window_view" : "Mini window: view",
        "bar_work_window_view" : "Bar window: view",
        "mini_work_window" : "Mini Work window",
        "bar_work_window" : "Bar Work Window",
        "Mini Work window" : "mini_work_window",
        "Bar Work Window" : "bar_work_window",
        "control_view" : "Static (preferred view control)",
        "Static (preferred view control)" : "control_view",
        "info_view" : "Static (preferred view info)",
        "Static (preferred view info)" : "info_view",
        "dynamic_view" : "Dynamic",
        "Dynamic" : "dynamic_view",
        "tips_and_tricks_9" : "Switching the view of static work windows:\nTo switch from the 'Info view' to the 'Control view' and vice versa, simply double-click on the name of the currently active time account.",
        "release_note_text_4" : " 1.6.3 (19.09.2023)\n - The new behaviour of the working windows from the last update has been revised.",
        "booking_reminder_2" : " Note: Reminder to book. You have many unbooked hours.",
        "list" : "List",
        "List" : "list",
        "dropdown" : "Dropdown",
        "Dropdown" : "dropdown",
        "mini_work_window_type" : "Mini window: type",
        "double_click" : "double-click",
        "tips_and_tricks_10" : "Frequent switching between time accounts:\nIf you switch between different time accounts a lot, the mini work window 'List' might be handy for you. You can set this under Settings -> 'Window Mini Type'.",
        "release_note_text_5" : " 1.6.4 (24.09.2023)\n - In the Mini work window, it is now possible to choose between the 'List' and the 'Dropdown' type. The 'Dropdown' type corresponds to the previous behaviour of the Mini work window and the 'List' type was developed especially for people who work in many time accounts during the day.",
        "release_note_text_6" : " 1.6.5 (26.09.2023)\n - Revision of the Excel export.\n - Work window customization. \n - Creating time accounts that are not bookable and marking them with a purple button.",
        "loading" : "loading ...",
        "bookable" : "Bookable",
        "create_account_bookable_text" : "If you want the account to be bookable, please check the checkbox, \notherwise the following information does not need to be filled in either.\nNot bookable accounts have a purple button on activation.",
        "not_bookable": "Not bookable",
        "tips_and_tricks_11" : "Color of activation buttons: \nNot bookable accounts have a purple button on activation.\nBookable accounts have a green button on activation.",
        "release_note_text_7" : " 1.6.6 (29.10.2023)\n - Revision of the Excel export.\n - Work window bug fixes.",
        "release_note_text_8" : " 1.6.7 (02.11.2023)\n - Extension by the configuration 'single_user_unencrypted' and restructuring of the databases.",
        "configuration" : "Configuration"
    }
}
